<?xml version="1.0" encoding="UTF-8"?>
<project-private xmlns="http://www.netbeans.org/ns/project-private/1">
    <editor-bookmarks xmlns="http://www.netbeans.org/ns/editor-bookmarks/2" lastBookmarkId="2">
        <file>
            <url>src/Gui.java</url>
            <bookmark id="1">
                <name/>
                <line>254</line>
                <key/>
            </bookmark>
        </file>
    </editor-bookmarks>
    <open-files xmlns="http://www.netbeans.org/ns/projectui-open-files/2">
        <group>
            <file>file:/C:/Users/Joy/Documents/NetBeansProjects/GraphSimulator/src/MyThread.java</file>
            <file>file:/C:/Users/Joy/Documents/NetBeansProjects/GraphSimulator/src/MyWindow.java</file>
            <file>file:/C:/Users/Joy/Documents/NetBeansProjects/GraphSimulator/src/Line.java</file>
            <file>file:/C:/Users/Joy/Documents/NetBeansProjects/GraphSimulator/src/MyCanvas.java</file>
            <file>file:/C:/Users/Joy/Documents/NetBeansProjects/GraphSimulator/src/TempNode.java</file>
            <file>file:/C:/Users/Joy/Documents/NetBeansProjects/GraphSimulator/src/DfSThread.java</file>
            <file>file:/C:/Users/Joy/Documents/NetBeansProjects/GraphSimulator/src/Node.java</file>
        </group>
    </open-files>
</project-private>
