<?xml version="1.0" encoding="UTF-8"?>
<project-private xmlns="http://www.netbeans.org/ns/project-private/1">
    <editor-bookmarks xmlns="http://www.netbeans.org/ns/editor-bookmarks/2" lastBookmarkId="4">
        <file>
            <url>src/MyWindow.java</url>
            <bookmark id="3">
                <name/>
                <line>313</line>
                <key/>
            </bookmark>
        </file>
        <file>
            <url>src/MyCanvas.java</url>
            <bookmark id="4">
                <name/>
                <line>204</line>
                <key/>
            </bookmark>
        </file>
        <file>
            <url>src/Gui.java</url>
            <bookmark id="1">
                <name/>
                <line>254</line>
                <key/>
            </bookmark>
        </file>
    </editor-bookmarks>
    <open-files xmlns="http://www.netbeans.org/ns/projectui-open-files/2">
        <group/>
    </open-files>
</project-private>
